{
	"$schema": "http://json-schema.org/draft-04/schema#",
	"type": "object",
	"properties": {
		"MessageDetails": {
			"type": "array",
			"items": {
				"type": "object",
				"properties": {
					"Header": {
						"$ref": "common.json#/definitions/Header"
					},
					"Body": {
						"$ref": "common.json#/definitions/Body"
					},
					"SubscriberId": {
						"$ref": "common.json#/definitions/SubscriberId"
					},
					"Filter": {
						"$ref": "common.json#/definitions/Filter"
					}
				},
				"required": [
					"Header",
					"Body"
				]
			}
		}
	},
	"required": [
		"MessageDetails"
	]
}
